[
  {
    "_id": "63df618daa24dd7529ad8337",
    "name": "atom ochre boot",
    "quantityInStock": 12,
    "description": "With Alpha Boot we wanted to reinvent the classic trekking boot but with a much lighter, urban and comfortable sole. All this is due to the implementation of our latest sole: Alpha, with which we have achieved optimal grip, no matter the situation. In addition, thanks to its waxed microfiber surface, PU and its internal mesh lining, it makes it perfect for winter and the inclemency of your day to day in the city. The future of trekking boots is here.",
    "price": 250,
    "image": "shoes-(1).png",
    "category": "63292e769de7cef23355a195",
    "discount": 30,
    "sold": 0,
    "ratingAverage": 0,
    "reviewsNumber": 0,
    "colors": ["black", "green", "blue", "gray"],
    "size": ["38", "40", "42", "46"]
  },
  {
    "_id": "63df618daa24dd7529ad8338",
    "name": "alpha boot brown",
    "quantityInStock": 3,
    "description": "With Alpha Boot we wanted to reinvent the classic trekking boot but with a much lighter, urban and comfortable sole. All this is due to the implementation of our latest sole: Alpha, with which we have achieved optimal grip, no matter the situation. In addition, thanks to its waxed microfiber surface, PU and its internal mesh lining, it makes it perfect for winter and the inclemency of your day to day in the city. The future of trekking boots is here.",
    "price": 320,
    "image": "shoes-(2).webp",
    "category": "63292e769de7cef23355a195",
    "discount": 50,
    "sold": 0,
    "ratingAverage": 0,
    "reviewsNumber": 0,
    "colors": ["brown"],
    "size": ["36", "38", "40", "42", "46", "48"]
  },
  {
    "name": "alpha boot black",
    "quantityInStock": 0,
    "description": "With Alpha Boot we wanted to reinvent the classic trekking boot but with a much lighter, urban and comfortable sole. All this is due to the implementation of our latest sole: Alpha, with which we have achieved optimal grip, no matter the situation. In addition, thanks to its waxed microfiber surface, PU and its internal mesh lining, it makes it perfect for winter and the inclemency of your day to day in the city. The future of trekking boots is here.",
    "price": 470,
    "image": "shoes-(3).jpg",
    "category": "63292e769de7cef23355a195",
    "discount": 90,
    "sold": 0,
    "ratingAverage": 0,
    "reviewsNumber": 0,
    "colors": ["black"],
    "size": ["38", "40", "42", "46"]
  },
  {
    "name": "army boot black",
    "quantityInStock": 23,
    "description": "With Alpha Boot we wanted to reinvent the classic trekking boot but with a much lighter, urban and comfortable sole. All this is due to the implementation of our latest sole: Alpha, with which we have achieved optimal grip, no matter the situation. In addition, thanks to its waxed microfiber surface, PU and its internal mesh lining, it makes it perfect for winter and the inclemency of your day to day in the city. The future of trekking boots is here.",
    "price": 600,
    "image": "shoes-(4).jpg",
    "category": "63292e769de7cef23355a195",
    "discount": 50,
    "sold": 0,
    "ratingAverage": 0,
    "reviewsNumber": 0,
    "colors": ["black"],
    "size": ["40", "42", "46"]
  },
  {
    "name": "ucon black",
    "quantityInStock": 2,
    "description": "With Alpha Boot we wanted to reinvent the classic trekking boot but with a much lighter, urban and comfortable sole. All this is due to the implementation of our latest sole: Alpha, with which we have achieved optimal grip, no matter the situation. In addition, thanks to its waxed microfiber surface, PU and its internal mesh lining, it makes it perfect for winter and the inclemency of your day to day in the city. The future of trekking boots is here.",
    "price": 140,
    "image": "shoes-(5).jpg",
    "category": "63292e769de7cef23355a195",
    "discount": 0,
    "sold": 0,
    "ratingAverage": 0,
    "reviewsNumber": 0,
    "colors": ["black"],
    "size": ["38", "40"]
  },
  {
    "name": "atom black boot",
    "quantityInStock": 2,
    "description": "With Alpha Boot we wanted to reinvent the classic trekking boot but with a much lighter, urban and comfortable sole. All this is due to the implementation of our latest sole: Alpha, with which we have achieved optimal grip, no matter the situation. In addition, thanks to its waxed microfiber surface, PU and its internal mesh lining, it makes it perfect for winter and the inclemency of your day to day in the city. The future of trekking boots is here.",
    "price": 90,
    "image": "shoes-(6).jpg",
    "category": "63292e769de7cef23355a195",
    "discount": 0,
    "sold": 0,
    "ratingAverage": 0,
    "reviewsNumber": 0,
    "colors": ["black", "gray"],
    "size": ["42", "46"]
  },
  {
    "name": "army boot blue",
    "quantityInStock": 0,
    "description": "With Alpha Boot we wanted to reinvent the classic trekking boot but with a much lighter, urban and comfortable sole. All this is due to the implementation of our latest sole: Alpha, with which we have achieved optimal grip, no matter the situation. In addition, thanks to its waxed microfiber surface, PU and its internal mesh lining, it makes it perfect for winter and the inclemency of your day to day in the city. The future of trekking boots is here.",
    "price": 500,
    "image": "shoes-(7).jpg",
    "category": "63292e769de7cef23355a195",
    "discount": 100,
    "sold": 0,
    "ratingAverage": 0,
    "reviewsNumber": 0,
    "size": ["38", "40", "42", "46"]
  },
  {
    "name": "atom gray boot",
    "quantityInStock": 32,
    "description": "With Alpha Boot we wanted to reinvent the classic trekking boot but with a much lighter, urban and comfortable sole. All this is due to the implementation of our latest sole: Alpha, with which we have achieved optimal grip, no matter the situation. In addition, thanks to its waxed microfiber surface, PU and its internal mesh lining, it makes it perfect for winter and the inclemency of your day to day in the city. The future of trekking boots is here.",
    "price": 789,
    "image": "shoes-(8).jpg",
    "category": "63292e769de7cef23355a195",
    "discount": 50,
    "sold": 0,
    "ratingAverage": 0,
    "reviewsNumber": 0,
    "colors": ["red", "green", "blue", "gray", "black"],
    "size": ["38", "40", "42", "46", "48"]
  },
  {
    "name": "alpha army boot",
    "quantityInStock": 11,
    "description": "With Alpha Boot we wanted to reinvent the classic trekking boot but with a much lighter, urban and comfortable sole. All this is due to the implementation of our latest sole: Alpha, with which we have achieved optimal grip, no matter the situation. In addition, thanks to its waxed microfiber surface, PU and its internal mesh lining, it makes it perfect for winter and the inclemency of your day to day in the city. The future of trekking boots is here.",
    "price": 1200,
    "image": "shoes-(9).webp",
    "category": "63292e769de7cef23355a195",
    "discount": 100,
    "sold": 0,
    "ratingAverage": 0,
    "reviewsNumber": 0,
    "colors": ["black", "green", "blue", "red"],
    "size": ["38", "40", "42", "46"]
  },
  {
    "name": "atom mist blue",
    "quantityInStock": 4,
    "description": "With Alpha Boot we wanted to reinvent the classic trekking boot but with a much lighter, urban and comfortable sole. All this is due to the implementation of our latest sole: Alpha, with which we have achieved optimal grip, no matter the situation. In addition, thanks to its waxed microfiber surface, PU and its internal mesh lining, it makes it perfect for winter and the inclemency of your day to day in the city. The future of trekking boots is here.",
    "price": 200,
    "image": "shoes-(10).jpg",
    "category": "63292e769de7cef23355a195",
    "discount": 0,
    "sold": 0,
    "ratingAverage": 0,
    "reviewsNumber": 0,
    "size": ["38", "40", "42", "46"]
  },
  {
    "name": "atom mist gray",
    "quantityInStock": 1,
    "description": "With Alpha Boot we wanted to reinvent the classic trekking boot but with a much lighter, urban and comfortable sole. All this is due to the implementation of our latest sole: Alpha, with which we have achieved optimal grip, no matter the situation. In addition, thanks to its waxed microfiber surface, PU and its internal mesh lining, it makes it perfect for winter and the inclemency of your day to day in the city. The future of trekking boots is here.",
    "price": 200,
    "image": "shoes-(11).jpg",
    "category": "63292e769de7cef23355a195",
    "discount": 0,
    "sold": 0,
    "ratingAverage": 0,
    "reviewsNumber": 0,
    "size": ["38"]
  },
  {
    "name": "marathon black boot",
    "quantityInStock": 4,
    "description": "With Alpha Boot we wanted to reinvent the classic trekking boot but with a much lighter, urban and comfortable sole. All this is due to the implementation of our latest sole: Alpha, with which we have achieved optimal grip, no matter the situation. In addition, thanks to its waxed microfiber surface, PU and its internal mesh lining, it makes it perfect for winter and the inclemency of your day to day in the city. The future of trekking boots is here.",
    "price": 590,
    "image": "shoes-(12).png",
    "category": "63292e769de7cef23355a195",
    "discount": 40,
    "sold": 0,
    "ratingAverage": 0,
    "reviewsNumber": 0,
    "colors": ["black", "blue"],
    "size": ["38", "40", "42", "46"]
  },
  {
    "name": "alaska gray",
    "quantityInStock": 2,
    "description": "With Alpha Boot we wanted to reinvent the classic trekking boot but with a much lighter, urban and comfortable sole. All this is due to the implementation of our latest sole: Alpha, with which we have achieved optimal grip, no matter the situation. In addition, thanks to its waxed microfiber surface, PU and its internal mesh lining, it makes it perfect for winter and the inclemency of your day to day in the city. The future of trekking boots is here.",
    "price": 100,
    "image": "sneaker-(1).jpg",
    "category": "63292e769de7cef23355a194",
    "discount": 0,
    "sold": 0,
    "ratingAverage": 0,
    "reviewsNumber": 0,
    "colors": ["black", "gray"],
    "size": ["38", "40"]
  },
  {
    "name": "alpha carbono dark red",
    "quantityInStock": 0,
    "description": "With Alpha Boot we wanted to reinvent the classic trekking boot but with a much lighter, urban and comfortable sole. All this is due to the implementation of our latest sole: Alpha, with which we have achieved optimal grip, no matter the situation. In addition, thanks to its waxed microfiber surface, PU and its internal mesh lining, it makes it perfect for winter and the inclemency of your day to day in the city. The future of trekking boots is here.",
    "price": 400,
    "image": "sneaker-(2).png",
    "category": "63292e769de7cef23355a194",
    "discount": 120,
    "sold": 0,
    "ratingAverage": 0,
    "reviewsNumber": 0,
    "colors": ["black", "red"],
    "size": ["38", "40", "42", "46"]
  },
  {
    "name": "alpha neo beige",
    "quantityInStock": 14,
    "description": "With Alpha Boot we wanted to reinvent the classic trekking boot but with a much lighter, urban and comfortable sole. All this is due to the implementation of our latest sole: Alpha, with which we have achieved optimal grip, no matter the situation. In addition, thanks to its waxed microfiber surface, PU and its internal mesh lining, it makes it perfect for winter and the inclemency of your day to day in the city. The future of trekking boots is here.",
    "price": 590,
    "image": "sneaker-(3).jpg",
    "category": "63292e769de7cef23355a194",
    "discount": 40,
    "sold": 0,
    "ratingAverage": 0,
    "reviewsNumber": 0,
    "colors": ["black", "blue", "beige", "gray"],
    "size": ["38", "42", "46"]
  },
  {
    "name": "alpha neo dark gray",
    "quantityInStock": 12,
    "description": "With Alpha Boot we wanted to reinvent the classic trekking boot but with a much lighter, urban and comfortable sole. All this is due to the implementation of our latest sole: Alpha, with which we have achieved optimal grip, no matter the situation. In addition, thanks to its waxed microfiber surface, PU and its internal mesh lining, it makes it perfect for winter and the inclemency of your day to day in the city. The future of trekking boots is here.",
    "price": 1500,
    "image": "sneaker-(4).png",
    "category": "63292e769de7cef23355a194",
    "discount": 300,
    "sold": 0,
    "ratingAverage": 0,
    "reviewsNumber": 0,
    "colors": ["black", "blue", "gray"],
    "size": ["40", "42", "46"]
  },
  {
    "name": "alpha neo pink",
    "quantityInStock": 3,
    "description": "With Alpha Boot we wanted to reinvent the classic trekking boot but with a much lighter, urban and comfortable sole. All this is due to the implementation of our latest sole: Alpha, with which we have achieved optimal grip, no matter the situation. In addition, thanks to its waxed microfiber surface, PU and its internal mesh lining, it makes it perfect for winter and the inclemency of your day to day in the city. The future of trekking boots is here.",
    "price": 705,
    "image": "sneaker-(5).png",
    "category": "63292e769de7cef23355a194",
    "discount": 50,
    "sold": 0,
    "ratingAverage": 0,
    "reviewsNumber": 0,
    "colors": ["black", "pink"],
    "size": ["38", "40", "42", "46"]
  },
  {
    "name": "army blue",
    "quantityInStock": 5,
    "description": "With Alpha Boot we wanted to reinvent the classic trekking boot but with a much lighter, urban and comfortable sole. All this is due to the implementation of our latest sole: Alpha, with which we have achieved optimal grip, no matter the situation. In addition, thanks to its waxed microfiber surface, PU and its internal mesh lining, it makes it perfect for winter and the inclemency of your day to day in the city. The future of trekking boots is here.",
    "price": 200,
    "image": "sneaker-(6).png",
    "category": "63292e769de7cef23355a194",
    "discount": 0,
    "sold": 0,
    "ratingAverage": 0,
    "reviewsNumber": 0,
    "colors": ["black", "blue"],
    "size": ["38", "40", "42", "46"]
  },
  {
    "name": "army gray",
    "quantityInStock": 6,
    "description": "With Alpha Boot we wanted to reinvent the classic trekking boot but with a much lighter, urban and comfortable sole. All this is due to the implementation of our latest sole: Alpha, with which we have achieved optimal grip, no matter the situation. In addition, thanks to its waxed microfiber surface, PU and its internal mesh lining, it makes it perfect for winter and the inclemency of your day to day in the city. The future of trekking boots is here.",
    "price": 400,
    "image": "sneaker-(7).jpg",
    "category": "63292e769de7cef23355a194",
    "discount": 0,
    "sold": 0,
    "ratingAverage": 0,
    "reviewsNumber": 0,
    "colors": ["black", "gray"],
    "size": ["38", "40"]
  },
  {
    "name": "atom oasis orange",
    "quantityInStock": 8,
    "description": "With Alpha Boot we wanted to reinvent the classic trekking boot but with a much lighter, urban and comfortable sole. All this is due to the implementation of our latest sole: Alpha, with which we have achieved optimal grip, no matter the situation. In addition, thanks to its waxed microfiber surface, PU and its internal mesh lining, it makes it perfect for winter and the inclemency of your day to day in the city. The future of trekking boots is here.",
    "price": 1350,
    "image": "sneaker-(8).jpg",
    "category": "63292e769de7cef23355a194",
    "discount": 200,
    "sold": 0,
    "ratingAverage": 0,
    "reviewsNumber": 0,
    "colors": ["black", "orange", "red"],
    "size": ["38", "40", "42", "46"]
  },
  {
    "name": "atom oasis red",
    "quantityInStock": 10,
    "description": "With Alpha Boot we wanted to reinvent the classic trekking boot but with a much lighter, urban and comfortable sole. All this is due to the implementation of our latest sole: Alpha, with which we have achieved optimal grip, no matter the situation. In addition, thanks to its waxed microfiber surface, PU and its internal mesh lining, it makes it perfect for winter and the inclemency of your day to day in the city. The future of trekking boots is here.",
    "price": 150,
    "image": "sneaker-(9).jpg",
    "category": "63292e769de7cef23355a194",
    "discount": 20,
    "sold": 0,
    "ratingAverage": 0,
    "reviewsNumber": 0,
    "colors": ["black", "orange", "red"],
    "size": ["38", "40", "46"]
  },
  {
    "name": "density blue",
    "quantityInStock": 12,
    "description": "With Alpha Boot we wanted to reinvent the classic trekking boot but with a much lighter, urban and comfortable sole. All this is due to the implementation of our latest sole: Alpha, with which we have achieved optimal grip, no matter the situation. In addition, thanks to its waxed microfiber surface, PU and its internal mesh lining, it makes it perfect for winter and the inclemency of your day to day in the city. The future of trekking boots is here.",
    "price": 2000,
    "image": "sneaker-(10).png",
    "category": "63292e769de7cef23355a194",
    "discount": 500,
    "sold": 0,
    "ratingAverage": 0,
    "reviewsNumber": 0,
    "colors": ["black", "blue"],
    "size": ["38", "40", "42", "46"]
  },
  {
    "name": "hybrid black",
    "quantityInStock": 0,
    "description": "With Alpha Boot we wanted to reinvent the classic trekking boot but with a much lighter, urban and comfortable sole. All this is due to the implementation of our latest sole: Alpha, with which we have achieved optimal grip, no matter the situation. In addition, thanks to its waxed microfiber surface, PU and its internal mesh lining, it makes it perfect for winter and the inclemency of your day to day in the city. The future of trekking boots is here.",
    "price": 40,
    "image": "sneaker-(11).jpg",
    "category": "63292e769de7cef23355a194",
    "discount": 0,
    "sold": 0,
    "ratingAverage": 0,
    "reviewsNumber": 0,
    "colors": ["black", "blue"],
    "size": ["38", "40", "42", "46"]
  },
  {
    "name": "juno cloud blue",
    "quantityInStock": 20,
    "description": "With Alpha Boot we wanted to reinvent the classic trekking boot but with a much lighter, urban and comfortable sole. All this is due to the implementation of our latest sole: Alpha, with which we have achieved optimal grip, no matter the situation. In addition, thanks to its waxed microfiber surface, PU and its internal mesh lining, it makes it perfect for winter and the inclemency of your day to day in the city. The future of trekking boots is here.",
    "price": 75,
    "image": "sneaker-(12).jpg",
    "category": "63292e769de7cef23355a194",
    "discount": 0,
    "sold": 0,
    "ratingAverage": 0,
    "reviewsNumber": 0,
    "colors": ["black", "blue"],
    "size": ["38", "40", "42", "46"]
  },
  {
    "category": "63292e769de7cef23355a196",
    "name": "home mood black",
    "image": "slipper-(1).jpg",
    "quantityInStock": 5,
    "price": 340,
    "discount": 70,
    "colors": ["black", "blue", "brown", "gray"],
    "size": ["38", "40", "42", "46"],
    "description": "With Alpha Boot we wanted to reinvent the classic trekking boot but with a much lighter, urban and comfortable sole. All this is due to the implementation of our latest sole: Alpha, with which we have achieved optimal grip, no matter the situation. In addition, thanks to its waxed microfiber surface, PU and its internal mesh lining, it makes it perfect for winter and the inclemency of your day to day in the city. The future of trekking boots is here.",
    "sold": 0,
    "ratingAverage": 0,
    "reviewsNumber": 0
  },
  {
    "category": "63292e769de7cef23355a196",
    "name": "home mood blue",
    "image": "slipper-(2).jpg",
    "quantityInStock": 5,
    "price": 360,
    "discount": 0,
    "colors": ["black", "blue", "brown", "gray"],
    "size": ["38", "40", "42", "46"],
    "description": "With Alpha Boot we wanted to reinvent the classic trekking boot but with a much lighter, urban and comfortable sole. All this is due to the implementation of our latest sole: Alpha, with which we have achieved optimal grip, no matter the situation. In addition, thanks to its waxed microfiber surface, PU and its internal mesh lining, it makes it perfect for winter and the inclemency of your day to day in the city. The future of trekking boots is here.",
    "sold": 0,
    "ratingAverage": 0,
    "reviewsNumber": 0
  },
  {
    "category": "63292e769de7cef23355a196",
    "name": "slipper gray",
    "image": "slipper-(3).webp",
    "quantityInStock": 5,
    "price": 950,
    "discount": 280,
    "colors": ["black", "blue", "gray"],
    "size": ["42", "46"],
    "description": "With Alpha Boot we wanted to reinvent the classic trekking boot but with a much lighter, urban and comfortable sole. All this is due to the implementation of our latest sole: Alpha, with which we have achieved optimal grip, no matter the situation. In addition, thanks to its waxed microfiber surface, PU and its internal mesh lining, it makes it perfect for winter and the inclemency of your day to day in the city. The future of trekking boots is here.",
    "sold": 0,
    "ratingAverage": 0,
    "reviewsNumber": 0
  },
  {
    "category": "63292e769de7cef23355a197",
    "subcategories": ["63292e779de7cef23355a199"],
    "name": "block beige",
    "image": "Accs-Bags-(1).png",
    "quantityInStock": 3,
    "price": 90,
    "discount": 0,
    "colors": ["black", "beige", "gray"],
    "description": "With Alpha Boot we wanted to reinvent the classic trekking boot but with a much lighter, urban and comfortable sole. All this is due to the implementation of our latest sole: Alpha, with which we have achieved optimal grip, no matter the situation. In addition, thanks to its waxed microfiber surface, PU and its internal mesh lining, it makes it perfect for winter and the inclemency of your day to day in the city. The future of trekking boots is here.",
    "sold": 0,
    "ratingAverage": 0,
    "reviewsNumber": 0
  },
  {
    "category": "63292e769de7cef23355a197",
    "subcategories": ["63292e779de7cef23355a199"],
    "name": "block black",
    "image": "Accs-Bags-(2).png",
    "quantityInStock": 2,
    "price": 1000,
    "discount": 142,
    "colors": ["black", "gray"],
    "description": "With Alpha Boot we wanted to reinvent the classic trekking boot but with a much lighter, urban and comfortable sole. All this is due to the implementation of our latest sole: Alpha, with which we have achieved optimal grip, no matter the situation. In addition, thanks to its waxed microfiber surface, PU and its internal mesh lining, it makes it perfect for winter and the inclemency of your day to day in the city. The future of trekking boots is here.",
    "sold": 0,
    "ratingAverage": 0,
    "reviewsNumber": 0
  },
  {
    "category": "63292e769de7cef23355a197",
    "subcategories": ["63292e779de7cef23355a199"],
    "name": "block blue",
    "image": "Accs-Bags-(3).png",
    "sliderImages": [
      "Accs-Bags-(3)-slide-(1).png",
      "Accs-Bags-(3)-slide-(2).png"
    ],
    "quantityInStock": 11,
    "price": 700,
    "discount": 150,
    "colors": ["blue", "gray"],
    "description": "With Alpha Boot we wanted to reinvent the classic trekking boot but with a much lighter, urban and comfortable sole. All this is due to the implementation of our latest sole: Alpha, with which we have achieved optimal grip, no matter the situation. In addition, thanks to its waxed microfiber surface, PU and its internal mesh lining, it makes it perfect for winter and the inclemency of your day to day in the city. The future of trekking boots is here.",
    "sold": 0,
    "ratingAverage": 0,
    "reviewsNumber": 0
  },
  {
    "category": "63292e769de7cef23355a197",
    "subcategories": ["63292e779de7cef23355a199"],
    "name": "suite blue",
    "image": "Accs-Bags-(4).png",
    "quantityInStock": 0,
    "price": 500,
    "discount": 130,
    "colors": ["black", "blue", "gray"],
    "description": "With Alpha Boot we wanted to reinvent the classic trekking boot but with a much lighter, urban and comfortable sole. All this is due to the implementation of our latest sole: Alpha, with which we have achieved optimal grip, no matter the situation. In addition, thanks to its waxed microfiber surface, PU and its internal mesh lining, it makes it perfect for winter and the inclemency of your day to day in the city. The future of trekking boots is here.",
    "sold": 0,
    "ratingAverage": 0,
    "reviewsNumber": 0
  },
  {
    "category": "63292e769de7cef23355a197",
    "subcategories": ["63292e779de7cef23355a199"],
    "name": "suite grape",
    "image": "Accs-Bags-(5).jpg",
    "quantityInStock": 0,
    "price": 700,
    "discount": 80,
    "colors": ["black", "blue", "gray"],
    "description": "With Alpha Boot we wanted to reinvent the classic trekking boot but with a much lighter, urban and comfortable sole. All this is due to the implementation of our latest sole: Alpha, with which we have achieved optimal grip, no matter the situation. In addition, thanks to its waxed microfiber surface, PU and its internal mesh lining, it makes it perfect for winter and the inclemency of your day to day in the city. The future of trekking boots is here.",
    "sold": 0,
    "ratingAverage": 0,
    "reviewsNumber": 0
  },
  {
    "category": "63292e769de7cef23355a197",
    "subcategories": ["63292e779de7cef23355a19a"],
    "name": "the pocket x black",
    "image": "Accs-wallet-(1).jpg",
    "quantityInStock": 12,
    "price": 700,
    "discount": 0,
    "colors": ["black", "blue", "gray"],
    "description": "With Alpha Boot we wanted to reinvent the classic trekking boot but with a much lighter, urban and comfortable sole. All this is due to the implementation of our latest sole: Alpha, with which we have achieved optimal grip, no matter the situation. In addition, thanks to its waxed microfiber surface, PU and its internal mesh lining, it makes it perfect for winter and the inclemency of your day to day in the city. The future of trekking boots is here.",
    "sold": 0,
    "ratingAverage": 0,
    "reviewsNumber": 0
  },
  {
    "category": "63292e769de7cef23355a197",
    "subcategories": ["63292e779de7cef23355a19a"],
    "name": "the pocket y black",
    "image": "Accs-wallet-(2).jpg",
    "quantityInStock": 1,
    "price": 400,
    "discount": 100,
    "colors": ["black", "blue", "gray"],
    "description": "With Alpha Boot we wanted to reinvent the classic trekking boot but with a much lighter, urban and comfortable sole. All this is due to the implementation of our latest sole: Alpha, with which we have achieved optimal grip, no matter the situation. In addition, thanks to its waxed microfiber surface, PU and its internal mesh lining, it makes it perfect for winter and the inclemency of your day to day in the city. The future of trekking boots is here.",
    "sold": 0,
    "ratingAverage": 0,
    "reviewsNumber": 0
  },
  {
    "category": "63292e769de7cef23355a197",
    "subcategories": ["63292e779de7cef23355a19a"],
    "name": "the pocket beige",
    "image": "Accs-wallet-(3).png",
    "quantityInStock": 5,
    "price": 300,
    "discount": 50,
    "colors": ["black", "blue", "beige"],
    "description": "With Alpha Boot we wanted to reinvent the classic trekking boot but with a much lighter, urban and comfortable sole. All this is due to the implementation of our latest sole: Alpha, with which we have achieved optimal grip, no matter the situation. In addition, thanks to its waxed microfiber surface, PU and its internal mesh lining, it makes it perfect for winter and the inclemency of your day to day in the city. The future of trekking boots is here.",
    "sold": 0,
    "ratingAverage": 0,
    "reviewsNumber": 0
  },
  {
    "category": "63292e769de7cef23355a197",
    "subcategories": ["63292e779de7cef23355a19a"],
    "name": "the pocket blue",
    "image": "Accs-wallet-(4).webp",
    "quantityInStock": 4,
    "price": 100,
    "discount": 0,
    "colors": ["black", "blue", "gray"],
    "description": "With Alpha Boot we wanted to reinvent the classic trekking boot but with a much lighter, urban and comfortable sole. All this is due to the implementation of our latest sole: Alpha, with which we have achieved optimal grip, no matter the situation. In addition, thanks to its waxed microfiber surface, PU and its internal mesh lining, it makes it perfect for winter and the inclemency of your day to day in the city. The future of trekking boots is here.",
    "sold": 0,
    "ratingAverage": 0,
    "reviewsNumber": 0
  }
]
